Data,Otwarcie,Najwyzszy,Najnizszy,Zamkniecie,Wolumen
2008-11-14,1.3352,1.3352,1.3352,1.3352,119
2008-11-17,1.0838,1.0838,1.0838,1.0838,119
2008-11-18,1.0058,1.0058,1.0058,1.0058,119
2008-11-19,0.8497,0.8497,0.7544,0.7544,239
2008-11-20,0.8497,0.8497,0.8497,0.8497,2391
2008-11-21,0.9624,0.9624,0.8324,0.841,1673
2008-11-24,0.841,0.841,0.841,0.841,2330
2008-11-25,0.8497,0.8497,0.8497,0.8497,1195
2008-11-26,0.8497,0.8497,0.8497,0.8497,2211
2008-11-27,0.8497,0.8497,0.8497,0.8497,2391
2008-11-28,0.8497,0.8497,0.8497,0.8497,3586
2008-12-08,0.9191,0.9624,0.9191,0.9624,1973
2008-12-09,0.8497,0.8497,0.8497,0.8497,1195
2008-12-10,0.841,0.9624,0.841,0.9624,1673
2008-12-11,0.9624,1.0058,0.9624,1.0058,71729
2008-12-15,0.9971,1.0144,0.9971,1.0144,71729
2008-12-16,1.0058,1.0058,1.0058,1.0058,47819
2008-12-23,0.9884,0.9884,0.9884,0.9884,1195
2009-01-09,0.9191,0.9191,0.9191,0.9191,1721
2009-01-12,1.0058,1.0058,1.0058,1.0058,12445
2009-01-14,1.0058,1.0058,1.0058,1.0058,21027
2009-01-15,1.0058,1.0058,1.0058,1.0058,11955
2009-01-16,0.9191,0.9191,0.9191,0.9191,1195
2009-03-05,1.0058,1.0058,1.0058,1.0058,1195
2009-03-06,1.0058,1.0058,1.0058,1.0058,1195
2009-03-10,1.0058,1.0058,1.0058,1.0058,1195
2009-03-25,1.0492,1.0492,1.0492,1.0492,119
2009-06-01,1.0492,1.0492,1.0492,1.0492,23790
2009-06-02,1.0838,1.0838,1.0838,1.0838,1195
2009-06-23,1.1705,1.1705,1.1705,1.1705,119
2009-08-12,1.1879,1.1879,1.1879,1.1879,11784
2009-08-17,1.2746,1.3613,1.2746,1.3613,1177
2009-08-21,1.1879,1.1879,1.1879,1.1879,5891
2009-08-24,1.3613,1.3613,1.3613,1.3613,1177
2009-08-25,1.6995,1.6995,1.1879,1.6995,1343
2009-08-26,1.3613,1.6561,1.3613,1.3613,1072
2009-08-27,1.2746,1.2746,1.2746,1.2746,235
2009-08-31,1.2312,1.2312,1.2312,1.2312,1566
2009-09-03,1.1965,1.1965,1.1965,1.1965,1059
2009-10-02,1.1965,1.1965,1.1965,1.1965,42421
2009-10-05,1.2312,1.2312,1.2312,1.2312,588
2009-10-13,1.2746,1.2746,1.2746,1.2746,1225
2009-10-14,1.3959,1.4393,1.3959,1.4393,588
2009-10-16,1.474,1.474,1.474,1.474,588
2009-10-19,1.604,1.604,1.604,1.604,352
2009-10-22,1.604,1.6995,1.604,1.6995,471
2009-11-09,1.6128,1.6995,1.6128,1.6995,4407
2009-11-25,1.3613,1.3613,1.3613,1.3613,588
2009-11-27,1.4393,1.6128,1.4393,1.6128,530
2009-11-30,1.6995,1.6995,1.6995,1.6995,141
2009-12-04,1.6995,1.6995,1.6995,1.6995,118
2009-12-07,1.6995,1.6995,1.6995,1.6995,118
2009-12-11,1.6995,1.6995,1.6995,1.6995,118
2010-01-19,2.0376,2.0376,2.0376,2.0376,11
2010-01-21,2.4451,2.4451,2.4451,2.4451,376
2010-02-11,2.9306,2.9306,2.9306,2.9306,317
2010-02-12,2.9306,2.9306,2.9306,2.9306,34
2010-02-15,2.9046,2.9046,2.9046,2.9046,11
2010-02-16,2.9046,2.9046,2.9046,2.9046,341
2010-02-17,2.3236,2.3236,2.3236,2.3236,352
2010-03-15,2.7833,2.7833,2.7833,2.7833,352
2010-03-16,2.9306,2.9306,2.9306,2.9306,247
2010-03-19,2.341,2.341,2.341,2.341,59
2010-04-06,2.341,2.341,2.341,2.341,11
2010-04-08,2.341,2.341,1.8728,1.8728,636
2010-04-13,2.2456,2.471,2.2456,2.471,707
2010-04-14,2.8093,2.9567,2.8093,2.9567,235
2010-04-15,2.9567,2.9567,2.9567,2.9567,24
2010-04-16,3.5462,3.5462,3.5462,3.5462,93
2010-04-19,4.2485,4.2485,4.2485,4.2485,46
2010-04-22,4.6648,4.6648,4.6648,4.6648,34
2010-04-27,3.9018,3.9018,3.737,3.737,247
2010-04-28,3.737,3.737,2.9913,2.9913,671
2010-04-29,3.5462,3.5809,3.5462,3.5809,165
2010-05-04,3.1214,3.1214,3.1214,3.1214,317
2010-05-13,2.497,2.5491,2.497,2.5491,2169
2010-05-14,2.8786,3.0087,2.1243,2.1243,660
2010-05-17,2.1243,2.1676,2.1243,2.1243,1343
2010-05-18,2.523,2.523,2.1069,2.1069,1990
2010-05-19,2.2023,2.2023,2.2023,2.2023,1212
2010-05-24,2.2456,2.2456,2.2456,2.2456,365
2010-05-25,1.9509,2.0376,1.8815,2.0376,1943
2010-05-26,2.1243,2.1243,2.1243,2.1243,128
2010-06-01,2.2456,2.2456,2.2456,2.2456,118
2010-06-09,2.1243,2.1243,2.1243,2.1243,1177
2010-06-11,2.1243,2.1243,2.1243,2.1243,118
2010-06-16,1.9942,1.9942,1.9942,1.9942,1767
2010-06-21,2.0376,2.0376,2.0376,2.0376,289
2010-07-02,1.9162,1.9162,1.9162,1.9162,116
2010-07-05,1.9162,1.9162,1.9162,1.9162,403
2010-07-06,1.9162,1.9162,1.9162,1.9162,346
2010-07-07,1.5347,1.5347,1.5347,1.5347,104
2010-07-08,1.7341,1.7341,1.7341,1.7341,346
2010-07-12,2.0809,2.0809,2.0809,2.0809,116
2010-07-13,2.0809,2.9913,2.0809,2.9913,2033
2010-07-14,3.0347,4.3005,2.8612,4.3005,4224
2010-07-15,5.1156,6.1127,4.2052,4.5086,45110
2010-07-16,4.5086,4.5086,3.9018,4.1618,5972
2010-07-19,3.9018,3.9018,3.2081,3.2081,3439
2010-07-20,3.3208,4.7688,3.3208,4.7688,15598
2010-07-21,4.6561,4.6561,3.7717,3.7717,5752
2010-07-22,3.8497,4.3352,3.7717,4.1618,1348
2010-07-26,4.1618,4.2919,4.1618,4.2919,241
2010-07-27,4.2571,4.3005,4.2571,4.3005,668
2010-07-28,3.9018,3.9018,3.9018,3.9018,80
2010-07-29,3.9104,4.2399,3.9104,4.1272,1267
2010-07-30,4.1444,4.1444,4.1444,4.1444,1969
2010-08-02,4.0751,4.1618,4.0751,4.1618,629
2010-08-03,4.0925,4.1618,3.9018,3.9884,813
2010-08-04,3.9884,3.9884,3.9884,3.9884,177
2010-08-05,3.9018,3.9018,3.9018,3.9018,350
2010-08-11,3.4681,3.4681,3.4681,3.4681,295
2010-08-13,3.5983,3.5983,3.5983,3.5983,40
2010-08-16,3.2948,3.2948,3.2948,3.2948,76
2010-08-17,3.2514,3.2514,3.2514,3.2514,150
2010-08-18,3.2601,3.7196,3.2514,3.7196,300
2010-08-19,4.2312,4.2312,4.2312,4.2312,46
2010-08-20,3.3988,3.3988,3.3814,3.3814,4302
2010-08-23,2.7052,2.7052,2.4277,2.6012,1909
2010-08-24,2.6532,2.6532,2.6532,2.6532,137
2010-08-25,2.9913,2.9913,2.9913,2.9913,64
2010-08-26,2.9827,2.9827,2.7745,2.7745,6516
2010-08-30,2.6618,3.052,2.4451,3.052,492
2010-08-31,3.052,3.052,3.052,3.052,289
2010-09-01,2.4537,3.026,2.4537,3.026,43
2010-09-02,3.0347,3.0347,3.0173,3.0173,1038
2010-09-03,3.0173,3.0173,2.9653,2.9653,813
2010-09-07,2.6879,2.6879,2.5144,2.5144,577
2010-09-08,2.9567,2.9567,2.9567,2.9567,89
2010-09-10,2.6272,2.6272,2.6272,2.6272,155
2010-09-13,2.6272,2.9913,2.6272,2.9393,2704
2010-09-14,2.7052,2.9739,2.6272,2.9393,2272
2010-09-15,2.6446,2.6446,2.6446,2.6446,128
2010-09-16,2.896,2.896,2.8872,2.896,1487
2010-09-17,2.9046,2.9046,2.9046,2.9046,874
2010-09-20,3.1994,3.1994,3.0347,3.0347,1975
2010-09-21,3.0954,3.1994,3.0954,3.1994,969
2010-09-22,3.1994,3.1994,3.1994,3.1994,3460
2010-09-30,2.7919,3.052,2.7745,3.052,2024
2010-10-01,3.026,3.0347,3.026,3.0347,346
2010-10-04,2.8612,3.026,2.8612,3.026,877
2010-10-05,2.87,2.87,2.8612,2.8612,644
2010-10-07,2.6706,2.6706,2.6706,2.6706,16
2010-10-08,2.9567,2.9567,2.9567,2.9567,1
2010-10-11,2.9046,2.9046,2.9046,2.9046,658
2010-10-12,2.6358,2.6358,2.5925,2.5925,2735
2010-10-13,2.6012,2.7745,2.5579,2.7745,2445
2010-10-14,2.6012,2.7833,2.5925,2.7833,2751
2010-10-15,2.7833,3.3382,2.7833,2.8612,2961
2010-10-18,2.8612,2.8612,2.7052,2.7052,3243
2010-10-20,2.6879,2.7313,2.6879,2.7313,702
2010-10-21,2.6879,2.7313,2.6879,2.7313,793
2010-10-22,2.6792,2.7745,2.6792,2.7313,1147
2010-10-25,2.6879,2.7313,2.6272,2.6879,2298
2010-10-26,2.6879,2.6879,2.6446,2.6879,385
2010-10-27,2.6272,2.6272,2.6272,2.6272,245
2010-10-28,2.6272,2.6272,2.6272,2.6272,438
2010-11-03,2.6358,2.6358,2.6272,2.6272,1534
2010-11-04,2.6185,2.6185,2.6185,2.6185,249
2010-11-16,2.7745,2.7745,2.7745,2.7745,1234
2010-11-17,2.8179,2.8179,2.8179,2.8179,230
2010-11-19,2.844,3.1214,2.844,3.1214,4928
2010-11-22,3.1214,3.3814,3.1214,3.3382,3745
2010-11-23,3.2514,3.2514,3.2514,3.2514,304
2010-11-25,2.7659,2.7659,2.6706,2.6706,1198
2010-11-26,2.9046,3.3382,2.8872,3.3382,2693
2010-11-29,2.8093,3.2514,2.6966,3.2427,2312
2010-11-30,2.7833,2.7833,2.7833,2.7833,70
2010-12-01,2.87,2.9567,2.87,2.9567,162
2010-12-02,3.0867,3.0867,3.0867,3.0867,123
2010-12-03,3.0867,3.0867,2.87,2.8872,2416
2010-12-06,2.9393,2.9393,2.9393,2.9393,57
2010-12-09,2.7833,2.7833,2.7833,2.7833,11
2010-12-10,2.7833,2.7833,2.7052,2.7052,1038
2010-12-21,2.6532,2.6532,2.6446,2.6446,519
2010-12-23,2.6532,2.6532,2.6446,2.6532,1505
2010-12-27,2.6185,2.7052,2.6098,2.6098,4439
2010-12-29,2.5026,2.5473,2.1004,2.5473,2307
2010-12-30,2.4311,2.4311,2.4311,2.4311,346
2010-12-31,2.5204,2.5204,2.5204,2.5204,346
2011-01-03,2.5318,2.5405,2.5318,2.5405,599
2011-01-04,2.6358,2.6446,2.6358,2.6446,761
2011-01-05,2.7052,2.7573,2.7052,2.7573,160
2011-01-07,2.5752,2.7573,2.5752,2.7573,985
2011-01-11,2.6098,2.7485,2.6098,2.7485,294
2011-01-12,2.7573,2.9393,2.7573,2.9046,2237
2011-01-13,2.9046,2.9306,2.9046,2.9046,661
2011-01-17,2.896,2.9046,2.896,2.9046,1728
2011-01-18,2.896,2.948,2.896,2.948,629
2011-01-19,2.9913,2.9913,2.9913,2.9913,116
2011-01-20,2.9827,2.9913,2.9827,2.9913,808
2011-01-24,2.9913,3.1214,2.9827,3.1214,3477
2011-01-25,2.7919,3.026,2.7745,2.9393,2497
2011-01-26,2.7919,2.7919,2.7919,2.7919,11
2011-01-27,2.8786,2.8786,2.7919,2.7919,808
2011-01-28,2.6792,2.844,2.6792,2.844,1105
2011-02-03,2.8179,2.8179,2.6272,2.6272,1504
2011-02-07,2.6272,2.6272,2.6272,2.6272,33
2011-02-09,2.6792,2.6792,2.6792,2.6792,58
2011-02-10,2.6879,2.6879,2.6879,2.6879,104
2011-02-15,2.6792,2.6879,2.6012,2.6012,1451
2011-02-17,2.6879,2.6879,2.6446,2.6446,531
2011-02-18,2.6098,2.6098,2.6098,2.6098,116
2011-02-21,2.6012,2.6879,2.5838,2.6879,865
2011-02-28,2.6009,2.6009,2.6009,2.6009,300
2011-03-03,2.7313,2.7313,2.7313,2.7313,91
2011-03-04,2.7833,2.8179,2.6012,2.6185,1194
2011-03-14,2.6446,2.6446,2.6446,2.6446,80
2011-03-15,2.6185,2.8612,2.6185,2.6446,4905
2011-03-16,2.6446,2.7659,2.6358,2.7659,3166
2011-03-21,2.7573,2.7573,2.7573,2.7573,173
2011-03-22,2.6446,2.6446,2.6446,2.6446,570
2011-03-24,2.6446,2.6446,2.5144,2.5144,1558
2011-03-25,2.4624,2.4624,2.4624,2.4624,230
2011-04-01,2.6185,2.6185,2.6185,2.6185,230
2011-04-05,2.6098,2.6098,2.6098,2.6098,230
2011-04-06,2.6098,2.6098,2.6098,2.6098,116
2011-04-07,2.6012,2.6012,2.6012,2.6012,1748
2011-04-14,2.5925,2.5925,2.5925,2.5925,116
2011-04-21,2.4537,2.4537,2.1763,2.1763,1153
2011-04-26,2.263,2.263,2.2543,2.2543,1558
2011-04-28,2.3931,2.3931,2.3931,2.3931,195
2011-05-04,2.2283,2.2283,2.2283,2.2283,104
2011-05-06,2.2543,2.2543,2.2283,2.2283,2998
2011-05-11,2.1937,2.1937,2.1937,2.1937,289
2011-05-13,2.2543,2.2543,2.1243,2.1243,1219
2011-05-16,2.2109,2.4624,2.2109,2.4624,2307
2011-05-20,2.315,2.4017,2.315,2.4017,3174
2011-05-25,2.3931,2.3931,2.3931,2.3931,24
2011-05-26,2.523,2.523,2.3931,2.3931,1119
2011-05-30,2.341,2.341,2.263,2.263,561
2011-06-14,2.1243,2.1243,2.1243,2.1243,872
2011-06-27,2.0289,2.0289,2.0289,2.0289,346
2011-06-29,1.9663,1.9663,1.8055,1.8144,1597
2011-06-30,1.8144,1.8144,1.8144,1.8144,1072
2011-07-01,1.8055,1.8055,1.8055,1.8055,122
2011-07-04,1.7875,1.7875,1.7875,1.7875,1007
2011-07-07,1.7697,1.7697,1.7697,1.7697,437
2011-07-12,1.6625,1.6625,1.6625,1.6625,464
2011-07-13,1.5909,1.5909,1.5194,1.5194,1575
2011-07-18,1.4658,1.5194,1.43,1.43,4828
2011-07-19,1.43,1.43,1.43,1.43,2237
2011-07-21,1.43,1.43,1.43,1.43,3244
2011-07-22,1.43,1.43,1.43,1.43,3357
2011-07-25,1.43,1.43,1.43,1.43,1119
2011-07-26,1.43,1.43,1.43,1.43,4867
2011-07-27,1.43,1.43,1.43,1.43,1119
2011-08-01,1.43,1.43,1.43,1.43,5594
2011-08-04,1.4211,1.4211,1.3586,1.3586,1130
2011-08-05,1.2513,1.2513,1.162,1.162,1165
2011-08-08,1.1887,1.1887,1.162,1.162,3239
2011-08-09,1.1173,1.1173,1.1173,1.1173,729
2011-08-12,0.9832,1.0904,0.9832,1.0904,447
2011-08-16,1.162,1.162,1.162,1.162,8605
2011-08-17,1.162,1.2067,1.162,1.162,11189
2011-08-18,1.1709,1.1709,1.1709,1.1709,1119
2011-08-22,1.1529,1.1529,1.1529,1.1529,671
2011-08-29,1.1173,1.1173,1.1173,1.1173,1119
2011-08-30,1.1262,1.1262,1.1262,1.1262,111884
2011-08-31,1.1351,1.1351,1.1173,1.1173,4866
2011-09-01,1.144,1.144,1.144,1.144,750
2011-09-05,1.1173,1.1173,1.1173,1.1173,147
2011-09-06,1.0726,1.0726,1.0726,1.0726,4476
2011-09-07,1.0815,1.0815,1.0726,1.0726,11300
2011-09-09,1.1173,1.1529,1.1173,1.1529,1084
2011-09-14,1.162,1.162,1.1173,1.1173,11312
2011-09-15,1.1173,1.1173,1.1173,1.1173,5594
2011-09-19,1.1262,1.1262,1.1262,1.1262,1611
2011-09-20,1.162,1.162,1.162,1.162,49162
2011-09-21,1.162,1.162,1.162,1.162,17006
2011-09-22,1.0726,1.0726,1.0726,1.0726,1343
2011-09-28,1.1173,1.1173,1.1173,1.1173,5524
2011-09-29,1.162,1.162,1.162,1.162,64893
2011-09-30,1.162,1.162,1.162,1.162,8950
2011-10-13,1.1351,1.1351,1.1351,1.1351,677
2011-10-14,1.1351,1.1351,1.1351,1.1351,499
2011-10-20,1.162,1.162,1.162,1.162,1119
2011-10-28,1.162,1.2513,1.1262,1.1262,601163
2011-11-03,1.2067,1.3407,0.9832,0.9832,21213
2011-11-04,1.0279,1.0279,0.9295,0.9295,17342
2011-11-07,0.9653,1.0993,0.9653,1.0993,1298
2011-11-08,1.0636,1.0636,1.0636,1.0636,939
2011-11-16,1.0726,1.0726,0.9385,0.9385,7784
2011-11-17,0.9832,0.9832,0.9832,0.9832,3916
2011-11-18,0.9832,0.9832,0.9832,0.9832,2237
2011-11-21,0.9295,0.9295,0.8312,0.8312,4932
2011-11-22,0.8312,0.8312,0.6793,0.6793,20367
2011-11-23,0.6704,0.6704,0.581,0.6614,4833
2011-11-25,0.7151,0.7597,0.7151,0.7597,6937
2011-11-28,0.7151,0.7151,0.7151,0.7151,2237
2011-11-29,0.7151,0.7151,0.6793,0.6793,1789
2011-11-30,0.6346,0.6346,0.6257,0.6257,5594
2011-12-01,0.6168,0.6168,0.6168,0.6168,223
2011-12-02,0.6257,0.6257,0.6257,0.6257,1454
2011-12-06,0.6257,0.6257,0.6257,0.6257,5594
2011-12-07,0.5363,0.5363,0.5363,0.5363,418
2011-12-08,0.6257,0.6257,0.6257,0.6257,8167
2011-12-09,0.6257,0.6257,0.6257,0.6257,3357
2011-12-12,0.6704,0.6704,0.6257,0.6257,224
2011-12-13,0.6704,0.6704,0.6704,0.6704,112
2011-12-15,0.6704,0.8044,0.6704,0.8044,3244
2011-12-27,0.7061,0.7597,0.7061,0.7597,4027
2012-01-02,0.7955,0.7955,0.7955,0.7955,560
2012-01-04,0.7597,0.7597,0.7597,0.7597,560
2012-01-10,0.6257,0.7597,0.6257,0.7597,11
2012-01-11,0.7151,0.7151,0.7151,0.7151,3357
2012-01-20,0.6704,0.6704,0.6704,0.6704,1966
2012-01-25,0.6346,0.6346,0.6257,0.6257,5865
2012-01-26,0.6704,0.6704,0.6704,0.6704,1119
2012-02-01,0.6257,0.6257,0.581,0.581,4027
2012-02-02,0.7597,0.7597,0.6704,0.7061,9399
2012-02-06,0.6257,0.6346,0.5988,0.6257,10685
2012-02-07,0.6435,0.6435,0.6257,0.6257,5516
2012-02-08,0.5988,0.6257,0.581,0.6257,112813
2012-02-09,0.6168,0.6168,0.581,0.581,5594
2012-02-10,0.5452,0.581,0.5363,0.563,22388
2012-02-13,0.563,0.6257,0.563,0.6257,5846
2012-02-14,0.563,0.563,0.5363,0.5541,15337
2012-02-16,0.6257,0.6346,0.5363,0.5452,28374
2012-02-17,0.581,0.581,0.5541,0.5541,8470
2012-02-20,0.49158,0.581,0.49158,0.563,2495
2012-02-21,0.563,0.6971,0.563,0.6971,28271
2012-02-22,0.7418,0.7418,0.7418,0.7418,1
2012-02-23,0.6704,0.7061,0.6346,0.6435,6256
2012-02-24,0.6435,0.6793,0.6435,0.6793,177
2012-02-27,0.6168,0.6168,0.6168,0.6168,279
2012-02-28,0.6524,0.6524,0.6077,0.6077,1566
2012-02-29,0.5947,0.5947,0.5947,0.5947,2237
2012-03-05,0.563,0.563,0.5363,0.5363,2909
2012-03-08,0.6257,0.6257,0.6257,0.6257,1029
2012-03-12,0.6257,0.7061,0.6257,0.6257,2464
2012-03-15,0.6257,0.6257,0.6257,0.6257,1119
2012-03-16,0.6257,0.6257,0.6257,0.6257,923
2012-03-19,0.6614,0.6614,0.6614,0.6614,101
2012-03-20,0.6346,0.6346,0.6346,0.6346,454
2012-03-22,0.581,0.6168,0.581,0.6168,859
2012-03-28,0.6346,0.6346,0.6346,0.6346,42
2012-03-30,0.6618,0.6618,0.6043,0.6043,213
2012-04-02,0.6614,0.6614,0.6614,0.6614,112
2012-04-10,0.6346,0.6346,0.6257,0.6257,12697
2012-04-11,0.6257,0.6257,0.6257,0.6257,560
2012-04-16,0.6168,0.6168,0.6168,0.6168,1119
2012-04-26,0.5363,0.5363,0.5363,0.5363,2294
2012-04-27,0.5988,0.5988,0.44688,0.44688,34805
2012-04-30,0.47959,0.47959,0.47959,0.47959,4476
2012-05-04,0.47374,0.49158,0.47374,0.49158,168
2012-05-09,0.43796,0.43796,0.43796,0.43796,1687
2012-05-10,0.46472,0.46472,0.46472,0.46472,112
2012-05-11,0.4558,0.4558,0.4558,0.4558,842
2012-05-14,0.37542,0.40219,0.36641,0.40219,23522
2012-05-15,0.40219,0.40219,0.32181,0.33073,55906
2012-05-16,0.35749,0.35749,0.31279,0.31279,6822
2012-05-24,0.35749,0.35749,0.35749,0.35749,1119
2012-05-25,0.35749,0.42904,0.35749,0.42012,12903
2012-05-28,0.41111,0.41111,0.41111,0.41111,1910
2012-05-29,0.38434,0.38434,0.35749,0.35749,10070
2012-05-31,0.30694,0.30694,0.26857,0.26857,51976
2012-06-01,0.26809,0.26809,0.24133,0.26809,23599
2012-06-04,0.26809,0.32181,0.26809,0.32181,72166
2012-06-05,0.31653,0.31653,0.31653,0.31653,541
2012-06-06,0.30694,0.30694,0.30694,0.30694,2453
2012-06-11,0.32181,0.32181,0.32181,0.32181,560
2012-06-13,0.32181,0.33073,0.32181,0.33073,593
2012-06-14,0.35749,0.35749,0.35749,0.35749,1287
2012-06-15,0.3549,0.3549,0.3549,0.3549,3357
2012-06-20,0.35749,0.35749,0.35749,0.35749,1679
2012-06-27,0.37542,0.41111,0.37542,0.41111,7832
2012-06-28,0.41245,0.43163,0.41245,0.42204,3357
2012-06-29,0.43163,0.44122,0.43163,0.44122,279
2012-07-02,0.44122,0.44122,0.40286,0.40286,3357
2012-07-03,0.40286,0.40286,0.40286,0.40286,7910
2012-07-04,0.38367,0.38367,0.38367,0.38367,10182
2012-07-05,0.39327,0.39327,0.39327,0.39327,1622
2012-07-06,0.43163,0.43163,0.43163,0.43163,521
2012-07-10,0.43163,0.6139,0.43163,0.5659,7538
2012-07-11,0.5755,0.5755,0.48918,0.48918,980
2012-07-12,0.518,0.518,0.518,0.518,104
2012-07-13,0.518,0.518,0.48918,0.48918,824
2012-07-16,0.518,0.5276,0.518,0.5276,2862
2012-07-17,0.518,0.518,0.518,0.518,7722
2012-07-18,0.48918,0.48918,0.43163,0.43163,3632
2012-07-19,0.5084,0.5084,0.5084,0.5084,1043
2012-07-20,0.5084,0.5084,0.5084,0.5084,31
2012-07-27,0.44122,0.44122,0.44122,0.44122,1043
2012-07-31,0.46041,0.46041,0.44122,0.44122,2085
2012-08-06,0.48918,0.48918,0.44122,0.44122,10426
2012-08-10,0.47,0.5371,0.47,0.5371,6653
2012-08-13,0.5371,0.5467,0.5371,0.5467,1708
2012-08-29,0.5084,0.518,0.47959,0.47959,4835
2012-08-30,0.47959,0.47959,0.47959,0.47959,146
2012-09-05,0.47959,0.47959,0.47959,0.47959,231
2012-09-07,0.518,0.518,0.518,0.518,13
2012-09-14,0.47,0.5084,0.46041,0.5084,8028
2012-09-17,0.45082,0.45082,0.45082,0.45082,342
2012-09-18,0.47959,0.47959,0.47959,0.47959,3128
2012-09-20,0.46041,0.47959,0.46041,0.47959,4379
2012-09-25,0.5084,0.518,0.5084,0.518,2606
2012-09-26,0.518,0.6139,0.518,0.5851,19175
2012-09-27,0.5755,0.6906,0.5755,0.6618,3386
2012-09-28,0.5755,0.6331,0.5755,0.6331,3649
2012-10-03,0.518,0.6043,0.518,0.6043,1080
2012-10-04,0.48918,0.48918,0.48918,0.48918,327
2012-10-10,0.47959,0.47959,0.47959,0.47959,2502
2012-10-11,0.47959,0.47959,0.47959,0.47959,1043
2012-10-12,0.47959,0.47959,0.47959,0.47959,721
2012-10-15,0.47959,0.47959,0.47959,0.47959,261
2012-10-19,0.47959,0.47959,0.47959,0.47959,261
2012-10-26,0.5276,0.5276,0.5276,0.5276,5213
2012-11-05,0.47959,0.47959,0.47959,0.47959,1043
2012-11-09,0.46041,0.46041,0.46041,0.46041,1688
2012-11-23,0.49878,0.49878,0.49878,0.49878,1043
2012-11-30,0.5276,0.5276,0.5276,0.5276,1981
2012-12-04,0.5276,0.6139,0.5276,0.6139,27892
2012-12-05,0.5755,0.5755,0.5755,0.5755,1043
2012-12-07,0.5276,0.5276,0.47959,0.47959,1627
2012-12-21,0.46041,0.46041,0.46041,0.46041,3128
2013-01-02,0.48918,0.48918,0.48918,0.48918,2085
2013-01-03,0.5084,0.5084,0.5084,0.5084,495
2013-01-11,0.5084,0.5084,0.5084,0.5084,547
2013-01-14,0.47959,0.47959,0.47959,0.47959,2580
2013-01-22,0.5755,0.5755,0.5755,0.5755,1043
2013-01-29,0.5276,0.5276,0.5276,0.5276,4483
2013-02-01,0.5276,0.5276,0.5276,0.5276,2815
2013-02-18,0.518,0.518,0.518,0.518,7298
2013-02-20,0.5755,0.6906,0.5755,0.6906,13505
2013-02-21,0.6522,0.6618,0.6522,0.6618,1631
2013-02-25,0.5755,0.5755,0.5755,0.5755,1043
2013-02-27,0.5755,0.5755,0.5755,0.5755,924
2013-02-28,0.5755,0.5755,0.5755,0.5755,1468
2013-03-01,0.6235,0.6522,0.6235,0.6522,2281
2013-03-08,0.6522,0.6522,0.6522,0.6522,2606
2013-03-15,0.6235,0.6618,0.6235,0.6618,1778
2013-03-18,0.6522,0.6522,0.6522,0.6522,1564
2013-03-28,0.5755,0.5755,0.5755,0.5755,1043
2013-04-02,0.6139,0.6235,0.6139,0.6235,2086
2013-04-08,0.47959,0.47959,0.47959,0.47959,6734
2013-04-09,0.47959,0.47959,0.47959,0.47959,1877
2013-04-10,0.5276,0.5755,0.5276,0.5755,2033
2013-04-12,0.47959,0.47959,0.47959,0.47959,1043
2013-04-22,0.518,0.518,0.518,0.518,1043
2013-05-06,0.47959,0.47959,0.47959,0.47959,1147
2013-05-07,0.46041,0.46041,0.46041,0.46041,1043
2013-05-15,0.47959,0.5371,0.47959,0.5371,4170
2013-05-22,0.5467,0.5467,0.5467,0.5467,2086
2013-06-05,0.5467,0.5467,0.5467,0.5467,454
2013-06-07,0.5467,0.5467,0.5467,0.5467,1930
2013-06-10,0.5467,0.5467,0.5467,0.5467,1043
2013-06-11,0.5467,0.5467,0.5467,0.5467,969
2013-06-17,0.5467,0.5467,0.5467,0.5467,2029
2013-06-25,0.47959,0.47959,0.47959,0.47959,2169
2013-06-27,0.5371,0.5467,0.47,0.5467,4626
2013-07-04,0.47959,0.47959,0.47959,0.47959,2085
2013-07-05,0.5276,0.5276,0.5276,0.5276,903
2013-07-08,0.5276,0.5467,0.5276,0.5467,1750
2013-07-10,0.46041,0.46041,0.46041,0.46041,1043
2013-07-11,0.49878,0.49878,0.49878,0.49878,520
2013-07-15,0.49878,0.5276,0.49878,0.5276,707
2013-07-19,0.5276,0.5276,0.5276,0.5276,1772
2013-07-24,0.5276,0.5276,0.5276,0.5276,626
2013-07-29,0.5276,0.5276,0.5276,0.5276,1061
2013-07-30,0.5276,0.5276,0.5276,0.5276,313
2013-07-31,0.5276,0.5276,0.5276,0.5276,287
2013-08-01,0.47959,0.47959,0.47959,0.47959,3128
2013-08-02,0.518,0.5276,0.518,0.5276,1517
2013-08-08,0.5563,0.6139,0.47959,0.47959,4181
2013-08-09,0.5467,0.5563,0.5467,0.5563,1522
2013-08-12,0.46041,0.5084,0.42204,0.49878,7403
2013-08-13,0.41245,0.48918,0.41245,0.48918,4170
2013-08-14,0.5084,0.6714,0.5084,0.6714,46249
2013-08-16,0.7673,0.8057,0.6522,0.7386,34509
2013-08-19,0.7194,0.7194,0.7194,0.7194,1043
2013-08-22,0.6427,0.6714,0.5755,0.6714,7402
2013-08-28,0.5851,0.5851,0.5851,0.5851,3128
2013-08-29,0.5755,0.6618,0.5755,0.6618,2044
2013-08-30,0.6522,0.6522,0.6522,0.6522,96
2013-09-02,0.6522,0.7194,0.6522,0.7194,2085
2013-09-09,0.6235,0.6235,0.5371,0.5371,4169
2013-09-11,0.5563,0.6618,0.5467,0.6618,7298
2013-09-18,0.5851,0.6522,0.5755,0.6522,2606
2013-09-19,0.6043,0.7098,0.6043,0.7098,5268
2013-09-20,0.7098,0.7673,0.681,0.7578,3897
2013-09-24,0.7098,0.7482,0.6522,0.7386,6270
2013-09-30,0.6714,0.7386,0.6714,0.7386,3128
2013-10-02,0.7386,0.7386,0.7386,0.7386,104
2013-10-08,0.7386,0.7386,0.7386,0.7386,31
2013-10-11,0.7482,0.7673,0.7482,0.7673,525
2013-10-14,0.7578,0.7578,0.7578,0.7578,1043
2013-10-17,0.6235,0.6235,0.6235,0.6235,3232
2013-10-18,0.5851,0.6714,0.5851,0.6714,1043
2013-10-21,0.6714,0.7578,0.6714,0.7578,3284
2013-10-25,0.7578,0.7769,0.681,0.7769,28820
2013-10-28,0.7769,0.7865,0.7769,0.7865,1731
2013-10-29,0.7865,0.8153,0.681,0.7961,40427
2013-10-30,0.7961,0.8057,0.681,0.7961,9195
2013-10-31,0.7865,0.7865,0.7865,0.7865,83
2013-11-07,0.7961,0.7961,0.729,0.7865,8132
2013-11-08,0.7961,0.7961,0.7961,0.7961,4483
2013-11-12,0.7386,0.7961,0.681,0.7865,26577
2013-11-14,0.8153,0.8441,0.8153,0.8441,5734
2013-11-15,0.7194,0.8249,0.7194,0.8249,9435
2013-11-18,0.7673,0.7673,0.7673,0.7673,1043
2013-11-19,0.8249,0.8249,0.8249,0.8249,313
2013-11-20,0.8153,0.8537,0.8153,0.8537,3343
2013-11-21,0.729,0.8441,0.6906,0.8441,13388
2013-11-25,0.729,0.8153,0.729,0.8153,115
2013-11-28,0.7386,0.8057,0.7386,0.8057,2096
2013-12-02,0.7673,0.7673,0.7673,0.7673,521
2013-12-03,0.8153,0.8729,0.8057,0.8633,6433
2013-12-04,0.8057,0.8057,0.8057,0.8057,521
2013-12-05,0.8633,0.8633,0.8633,0.8633,103
2013-12-12,0.8153,0.8345,0.8153,0.8345,4609
2013-12-16,0.8441,0.8537,0.8441,0.8537,365
2013-12-20,0.7865,0.8633,0.7673,0.8633,3680
2013-12-23,0.7673,0.8633,0.7673,0.8633,8404
2013-12-30,0.8633,0.8729,0.8633,0.8729,4290
2014-01-02,0.8729,0.9208,0.8729,0.9208,4291
2014-01-03,0.9208,0.9208,0.9208,0.9208,16
2014-01-07,0.892,0.892,0.8249,0.8633,970
2014-01-09,0.8633,0.892,0.8633,0.892,2294
2014-01-14,0.8057,0.8729,0.8057,0.8729,3326
2014-01-15,0.8249,0.8633,0.8249,0.8633,3128
2014-01-22,0.8633,0.8729,0.8441,0.8729,20168
2014-01-23,0.8729,1.0455,0.8633,1.0455,44089
2014-01-24,1.151,1.2949,1.0839,1.0839,115420
2014-01-27,1.1318,1.1318,1.0839,1.0935,55147
2014-01-28,1.0935,1.0935,0.988,0.988,4186
2014-01-29,1.0551,1.0551,0.9688,0.9688,1251
2014-01-30,0.9592,0.9592,0.9496,0.9592,5734
2014-01-31,0.9112,0.9112,0.9112,0.9112,3795
2014-02-03,0.9112,0.9112,0.9016,0.9016,4066
2014-02-04,0.8729,0.9112,0.8729,0.9112,4587
2014-02-05,0.9496,0.9496,0.9112,0.9112,3128
2014-02-06,0.892,0.892,0.8729,0.892,5438
2014-02-07,0.892,0.892,0.892,0.892,1043
2014-02-11,0.8633,0.8633,0.8633,0.8633,3023
2014-02-12,0.8537,0.8633,0.8441,0.8633,3569
2014-02-13,0.8441,0.8633,0.8441,0.8537,3941
2014-02-14,0.8441,0.8441,0.7673,0.8249,6818
2014-02-18,0.5084,0.6043,0.5084,0.6043,17435
2014-02-19,0.6043,0.6043,0.5755,0.5755,3232
2014-02-21,0.5755,0.5947,0.5755,0.5947,3128
2014-02-25,0.5851,0.5947,0.5851,0.5947,2327
2014-02-26,0.5947,0.5947,0.5755,0.5755,4233
2014-02-27,0.5563,0.5659,0.5371,0.5659,20226
2014-02-28,0.5755,0.5947,0.5755,0.5851,13440
2014-03-03,0.5563,0.5563,0.5563,0.5563,2584
2014-03-04,0.5563,0.5563,0.5563,0.5563,1043
2014-03-06,0.5467,0.5467,0.518,0.518,28125
2014-03-07,0.518,0.5276,0.45082,0.5276,42223
2014-03-10,0.518,0.518,0.518,0.518,3128
2014-03-11,0.49878,0.49878,0.47959,0.48918,12751
2014-03-12,0.47959,0.48918,0.47959,0.47959,46773
2014-03-13,0.47959,0.47959,0.47,0.47,63674
2014-03-14,0.47,0.47,0.47,0.47,5064
2014-03-17,0.46041,0.46041,0.45082,0.45082,3388
2014-03-18,0.45082,0.45082,0.44122,0.45082,15113
2014-03-19,0.44122,0.45082,0.44122,0.45082,7276
2014-03-20,0.44122,0.45082,0.44122,0.45082,323
2014-03-21,0.45082,0.46041,0.41245,0.45082,83746
2014-03-24,0.45082,0.45082,0.45082,0.45082,250
2014-03-25,0.46041,0.46041,0.46041,0.46041,1044
2014-03-26,0.46041,0.46041,0.46041,0.46041,521
2014-03-27,0.46041,0.47,0.46041,0.47,5109
2014-03-28,0.47,0.47959,0.47,0.47959,2813
2014-04-01,0.48918,0.48918,0.47,0.47,7506
2014-04-02,0.46041,0.47,0.46041,0.47,7559
2014-04-07,0.5467,0.5467,0.45082,0.518,1054
2014-04-08,0.49878,0.5084,0.49878,0.49878,3128
2014-04-10,0.49878,0.49878,0.49878,0.49878,396
2014-04-14,0.45082,0.48918,0.43163,0.48918,1168
2014-04-15,0.48918,0.48918,0.48918,0.48918,1
2014-04-24,0.43163,0.43163,0.43163,0.43163,982
2014-04-25,0.45082,0.45082,0.45082,0.45082,1043
2014-04-28,0.45082,0.45082,0.45082,0.45082,10426
2014-04-29,0.45082,0.45082,0.43163,0.43163,8483
2014-04-30,0.43163,0.45082,0.43163,0.45082,6334
2014-05-02,0.45082,0.45082,0.45082,0.45082,18
2014-05-06,0.43163,0.43163,0.43163,0.43163,4209
2014-05-07,0.43163,0.43163,0.43163,0.43163,1043
2014-05-08,0.41245,0.43163,0.41245,0.43163,209
2014-05-13,0.43163,0.43163,0.43163,0.43163,2239
2014-05-15,0.41245,0.41245,0.38367,0.38367,11575
2014-05-19,0.40286,0.40286,0.40286,0.40286,115
2014-05-20,0.42204,0.42204,0.38367,0.42204,1191
2014-05-23,0.36449,0.42204,0.36449,0.42204,9487
2014-05-26,0.41245,0.41245,0.41245,0.41245,6317
2014-05-27,0.40286,0.40286,0.38367,0.38367,7298
2014-05-28,0.3549,0.3549,0.3549,0.3549,7923
2014-05-29,0.3549,0.36449,0.3549,0.36449,22072
2014-06-03,0.3549,0.3549,0.3549,0.3549,5734
2014-06-04,0.3549,0.3549,0.3549,0.3549,2606
2014-06-06,0.3549,0.3549,0.34531,0.34531,16785
2014-06-09,0.34531,0.3549,0.34531,0.3549,3649
2014-06-10,0.36449,0.43163,0.36449,0.43163,7624
2014-06-11,0.43163,0.47959,0.43163,0.47959,2189
2014-06-13,0.47,0.47,0.47,0.47,171
2014-06-25,0.38367,0.43163,0.38367,0.43163,7308
2014-06-26,0.36449,0.43163,0.36449,0.43163,2189
2014-07-02,0.45082,0.47,0.45082,0.47,11181
2014-07-14,0.41,0.41,0.41,0.41,980
2014-07-15,0.44,0.44,0.44,0.44,3000
2014-07-21,0.41,0.44,0.4,0.44,5690
2014-07-23,0.44,0.44,0.44,0.44,100
2014-07-30,0.44,0.44,0.44,0.44,475
2014-07-31,0.45,0.5,0.45,0.5,1825
2014-08-11,0.47,0.47,0.47,0.47,140
2014-08-14,0.47,0.47,0.47,0.47,22
2014-08-22,0.41,0.48,0.41,0.48,172
2014-09-04,0.4,0.4,0.4,0.4,1796
2014-09-08,0.44,0.46,0.44,0.46,2000
2014-09-26,0.44,0.44,0.44,0.44,300
2014-09-30,0.37,0.37,0.37,0.37,1357
2014-10-01,0.32,0.37,0.3,0.33,59600
2014-10-02,0.31,0.32,0.31,0.32,9000
2014-10-03,0.32,0.32,0.3,0.3,17587
2014-10-06,0.29,0.29,0.27,0.27,9001
2014-10-07,0.27,0.28,0.27,0.28,7000
2014-10-08,0.27,0.28,0.27,0.28,3050
2014-10-09,0.28,0.28,0.28,0.28,3500
2014-10-10,0.28,0.28,0.27,0.27,9248
2014-10-13,0.27,0.27,0.27,0.27,1000
2014-10-15,0.27,0.27,0.27,0.27,2925
2014-10-17,0.26,0.26,0.26,0.26,2900
2014-10-23,0.27,0.29,0.27,0.27,23519
2014-10-27,0.28,0.28,0.28,0.28,110
2014-10-28,0.28,0.28,0.28,0.28,300
2014-10-29,0.26,0.27,0.22,0.27,100819
2014-10-30,0.23,0.27,0.23,0.27,2
2014-11-06,0.23,0.27,0.23,0.27,27000
2014-11-14,0.27,0.27,0.27,0.27,66
2014-11-18,0.26,0.27,0.22,0.26,16968
2014-11-21,0.23,0.27,0.23,0.27,1200
2014-11-26,0.27,0.27,0.24,0.24,16100
2014-11-27,0.24,0.33,0.24,0.31,305382
2014-11-28,0.33,0.35,0.26,0.29,351177
2014-12-01,0.3,0.31,0.22,0.23,176446
2014-12-02,0.23,0.23,0.19,0.2,111805
2014-12-03,0.2,0.23,0.2,0.22,16907
2014-12-04,0.22,0.27,0.18,0.27,188067
2014-12-05,0.28,0.28,0.23,0.24,27715
2014-12-08,0.24,0.26,0.24,0.24,13100
2014-12-09,0.26,0.28,0.22,0.25,153335
2014-12-10,0.25,0.26,0.23,0.26,37600
2014-12-11,0.25,0.27,0.23,0.27,81564
2014-12-12,0.26,0.26,0.23,0.26,16950
2014-12-15,0.25,0.28,0.25,0.28,11000
2014-12-16,0.23,0.25,0.21,0.22,32692
2014-12-17,0.21,0.24,0.21,0.24,3758
2014-12-18,0.22,0.23,0.2,0.23,13700
2014-12-19,0.23,0.23,0.23,0.23,200
2014-12-22,0.21,0.23,0.19,0.21,18814
2014-12-23,0.21,0.23,0.21,0.23,21790
2014-12-29,0.2,0.2,0.2,0.2,1750
2014-12-30,0.23,0.23,0.23,0.23,150
2015-01-02,0.21,0.21,0.2,0.21,12180
2015-01-05,0.2,0.2,0.2,0.2,7500
2015-01-07,0.2,0.24,0.2,0.24,24335
2015-01-08,0.23,0.24,0.21,0.24,49864
2015-01-09,0.25,0.25,0.22,0.25,4981
2015-01-13,0.22,0.23,0.21,0.23,18951
2015-01-15,0.22,0.22,0.21,0.21,3800
2015-01-16,0.21,0.22,0.21,0.22,2000
2015-01-20,0.23,0.23,0.23,0.23,1000
2015-01-21,0.23,0.23,0.23,0.23,1000
2015-01-22,0.23,0.23,0.21,0.21,4085
2015-01-23,0.22,0.25,0.22,0.24,37725
2015-01-28,0.22,0.24,0.22,0.24,5400
2015-01-30,0.23,0.23,0.23,0.23,4700
2015-02-06,0.24,0.24,0.24,0.24,100
2015-02-10,0.23,0.23,0.22,0.22,24600
2015-02-11,0.24,0.24,0.24,0.24,600
2015-02-19,0.24,0.28,0.23,0.26,112470
2015-02-20,0.26,0.28,0.24,0.26,269002
2015-02-23,0.25,0.28,0.25,0.27,32240
2015-02-24,0.26,0.26,0.26,0.26,3100
2015-02-25,0.26,0.26,0.24,0.26,5650
2015-02-26,0.24,0.24,0.24,0.24,2900
2015-02-27,0.26,0.26,0.24,0.26,12501
2015-03-02,0.26,0.26,0.25,0.26,1001
2015-03-04,0.25,0.25,0.25,0.25,2000
2015-03-05,0.24,0.24,0.23,0.23,4440
2015-03-06,0.23,0.23,0.23,0.23,12043
2015-03-09,0.24,0.24,0.24,0.24,1
2015-03-10,0.22,0.24,0.19,0.23,52535
2015-03-11,0.21,0.23,0.2,0.23,8366
2015-03-12,0.2,0.22,0.2,0.22,34201
2015-03-13,0.23,0.23,0.2,0.22,24100
2015-03-17,0.22,0.22,0.2,0.21,33515
2015-03-18,0.22,0.25,0.22,0.24,80679
2015-03-19,0.24,0.24,0.21,0.24,4600
2015-03-20,0.25,0.25,0.25,0.25,10
2015-03-27,0.24,0.25,0.24,0.25,1410
2015-04-07,0.24,0.24,0.24,0.24,5000
2015-04-08,0.25,0.25,0.25,0.25,5000
2015-04-09,0.25,0.25,0.25,0.25,1228
2015-04-14,0.22,0.24,0.22,0.24,13200
2015-04-16,0.22,0.34,0.21,0.34,887940
2015-04-17,0.34,0.34,0.23,0.24,558237
2015-04-20,0.23,0.3,0.22,0.29,409014
2015-04-21,0.29,0.32,0.24,0.24,495816
2015-04-22,0.24,0.25,0.23,0.23,99335
2015-04-23,0.23,0.24,0.22,0.23,68053
2015-04-24,0.24,0.25,0.22,0.24,77789
2015-04-27,0.23,0.26,0.22,0.25,136863
2015-04-28,0.25,0.25,0.23,0.24,88124
2015-04-29,0.24,0.25,0.24,0.24,58788
2015-04-30,0.25,0.27,0.24,0.24,80470
2015-05-04,0.24,0.25,0.24,0.25,23517
2015-05-05,0.25,0.26,0.24,0.26,25223
2015-05-06,0.25,0.25,0.24,0.24,8534
2015-05-07,0.24,0.26,0.24,0.26,350
2015-05-08,0.26,0.26,0.26,0.26,2000
2015-05-11,0.24,0.24,0.24,0.24,2000
2015-05-12,0.24,0.24,0.24,0.24,7000
2015-05-13,0.24,0.24,0.2,0.22,98531
2015-05-14,0.22,0.23,0.21,0.23,67466
2015-05-15,0.24,0.28,0.24,0.27,184615
2015-05-18,0.27,0.28,0.25,0.28,22786
2015-05-19,0.26,0.27,0.25,0.26,31410
2015-05-20,0.24,0.24,0.23,0.23,59104
2015-05-21,0.24,0.24,0.23,0.24,36660
2015-05-22,0.24,0.24,0.24,0.24,8500
2015-05-25,0.24,0.24,0.23,0.23,1466
2015-05-26,0.25,0.25,0.23,0.23,8234
2015-05-27,0.25,0.26,0.23,0.25,16861
2015-05-28,0.24,0.24,0.24,0.24,5000
2015-05-29,0.25,0.26,0.24,0.26,40000
2015-06-01,0.25,0.26,0.25,0.26,4161
2015-06-02,0.24,0.26,0.24,0.26,610
2015-06-03,0.24,0.26,0.23,0.26,1720
2015-06-05,0.23,0.26,0.23,0.26,12010
2015-06-12,0.25,0.26,0.23,0.26,18600
2015-06-17,0.23,0.25,0.23,0.25,6500
2015-06-18,0.23,0.24,0.23,0.24,13350
2015-06-19,0.24,0.25,0.24,0.25,2470
2015-06-23,0.24,0.24,0.24,0.24,50
2015-06-24,0.24,0.25,0.24,0.25,2100
2015-06-29,0.24,0.25,0.23,0.25,13110
2015-06-30,0.24,0.25,0.24,0.25,3760
2015-07-01,0.25,0.25,0.24,0.24,15200
2015-07-02,0.25,0.25,0.25,0.25,5000
2015-07-07,0.23,0.25,0.23,0.25,3400
2015-07-09,0.23,0.24,0.23,0.24,13188
2015-07-10,0.24,0.24,0.24,0.24,300
2015-07-13,0.23,0.23,0.23,0.23,2024
2015-07-14,0.24,0.24,0.24,0.24,14400
2015-07-15,0.25,0.27,0.25,0.27,32674
2015-07-17,0.25,0.27,0.25,0.27,6730
2015-07-21,0.24,0.26,0.24,0.26,7520
2015-07-22,0.24,0.26,0.24,0.26,7510
2015-07-23,0.26,0.26,0.24,0.26,12010
2015-07-24,0.24,0.26,0.24,0.26,47392
2015-07-28,0.24,0.25,0.24,0.25,2000
2015-07-30,0.24,0.25,0.24,0.25,13410
2015-08-03,0.24,0.26,0.24,0.26,8200
2015-08-05,0.26,0.26,0.26,0.26,3450
2015-08-06,0.25,0.25,0.25,0.25,832
2015-08-07,0.25,0.26,0.25,0.26,66168
2015-08-10,0.26,0.29,0.26,0.29,410700
2015-08-11,0.29,0.31,0.28,0.29,53330
2015-08-12,0.28,0.3,0.28,0.3,7200
2015-08-17,0.26,0.28,0.26,0.28,3010
2015-08-18,0.26,0.28,0.26,0.28,620
2015-08-20,0.26,0.27,0.24,0.25,32200
2015-08-21,0.25,0.27,0.25,0.26,115100
2015-08-24,0.26,0.26,0.24,0.25,5820
2015-08-26,0.23,0.25,0.22,0.25,18836
2015-08-27,0.25,0.28,0.25,0.28,103322
2015-08-31,0.26,0.27,0.25,0.27,19709
2015-09-01,0.27,0.27,0.27,0.27,10000
2015-09-02,0.26,0.26,0.24,0.26,12745
2015-09-03,0.26,0.27,0.26,0.27,1000
2015-09-04,0.24,0.26,0.23,0.26,4200
2015-09-08,0.24,0.25,0.24,0.25,3600
2015-09-09,0.25,0.26,0.25,0.26,1100
2015-09-14,0.23,0.25,0.22,0.23,64681
2015-09-15,0.22,0.24,0.22,0.24,21200
2015-09-17,0.21,0.23,0.21,0.23,44600
2015-09-22,0.23,0.23,0.23,0.23,5500
2015-09-24,0.23,0.23,0.23,0.23,2500
2015-09-29,0.21,0.21,0.21,0.21,3000
2015-09-30,0.22,0.23,0.22,0.23,8000
2015-10-01,0.23,0.23,0.23,0.23,6739
2015-10-05,0.23,0.24,0.23,0.24,12200
2015-10-06,0.24,0.24,0.24,0.24,10000
2015-10-07,0.24,0.24,0.24,0.24,500
2015-10-08,0.24,0.24,0.24,0.24,599
2015-10-09,0.22,0.24,0.22,0.24,8082
2015-10-13,0.22,0.22,0.21,0.21,78280
2015-10-14,0.21,0.23,0.21,0.23,34280
2015-10-15,0.22,0.23,0.21,0.23,26358
2015-10-16,0.22,0.23,0.22,0.23,5056
2015-10-19,0.22,0.22,0.22,0.22,3108
2015-10-20,0.23,0.23,0.23,0.23,1
2015-10-22,0.23,0.23,0.2,0.22,23410
2015-10-23,0.22,0.22,0.22,0.22,2011
2015-10-26,0.22,0.23,0.2,0.22,26880
2015-10-30,0.21,0.21,0.21,0.21,14146
2015-11-02,0.21,0.24,0.21,0.24,53595
2015-11-03,0.24,0.24,0.23,0.23,44555
2015-11-04,0.23,0.24,0.22,0.23,76265
2015-11-06,0.23,0.23,0.23,0.23,400
2015-11-10,0.21,0.23,0.21,0.23,410
2015-11-12,0.23,0.23,0.23,0.23,23000
2015-11-13,0.22,0.23,0.22,0.23,1040
2015-11-16,0.21,0.23,0.21,0.23,85
2015-11-17,0.21,0.22,0.21,0.22,5800
2015-11-18,0.21,0.22,0.21,0.22,24300
2015-11-19,0.22,0.22,0.21,0.22,9364
2015-11-23,0.2,0.22,0.2,0.22,12700
2015-12-03,0.22,0.22,0.22,0.22,300
2015-12-07,0.21,0.22,0.21,0.22,600
2015-12-14,0.22,0.22,0.22,0.22,1000
2015-12-15,0.2,0.22,0.2,0.22,677
2015-12-16,0.22,0.24,0.22,0.24,20570
2015-12-18,0.2,0.24,0.2,0.24,206305
2015-12-21,0.2,0.24,0.2,0.24,536
2015-12-22,0.2,0.2,0.2,0.2,179
2015-12-23,0.23,0.23,0.23,0.23,2000
2016-01-05,0.21,0.21,0.21,0.21,1600
2016-01-07,0.23,0.23,0.23,0.23,2655
2016-01-08,0.22,0.22,0.22,0.22,100
2016-01-12,0.22,0.22,0.22,0.22,350
2016-01-14,0.21,0.22,0.2,0.22,6750
2016-01-15,0.2,0.23,0.2,0.22,10215
2016-01-18,0.2,0.22,0.19,0.22,24384
2016-01-19,0.21,0.21,0.21,0.21,190
2016-01-25,0.21,0.25,0.2,0.24,294433
2016-01-26,0.21,0.25,0.21,0.25,44634
2016-01-27,0.24,0.24,0.18,0.18,381535
2016-01-28,0.19,0.2,0.18,0.19,124281
2016-01-29,0.19,0.19,0.18,0.18,12381
2016-02-01,0.19,0.19,0.19,0.19,7000
2016-02-02,0.18,0.19,0.18,0.19,11320
2016-02-03,0.18,0.18,0.18,0.18,11000
2016-02-04,0.18,0.18,0.15,0.16,73033
2016-02-05,0.16,0.17,0.16,0.17,20190
2016-02-08,0.16,0.17,0.15,0.16,34777
2016-02-09,0.16,0.17,0.16,0.16,10950
2016-02-10,0.17,0.17,0.17,0.17,700
2016-02-11,0.16,0.16,0.16,0.16,4600
2016-02-12,0.16,0.17,0.16,0.17,12500
2016-02-15,0.17,0.17,0.17,0.17,6000
2016-02-17,0.16,0.16,0.16,0.16,600
2016-02-18,0.17,0.17,0.17,0.17,5000
2016-02-19,0.17,0.17,0.17,0.17,982
2016-02-22,0.18,0.18,0.18,0.18,5600
2016-02-26,0.18,0.18,0.18,0.18,14400
2016-03-01,0.18,0.18,0.18,0.18,3800
2016-03-03,0.17,0.18,0.17,0.18,6444
2016-03-07,0.17,0.18,0.17,0.18,25503
2016-03-15,0.18,0.18,0.16,0.18,1410
2016-03-16,0.18,0.18,0.18,0.18,990
2016-03-18,0.18,0.18,0.17,0.18,14968
2016-03-29,0.17,0.17,0.17,0.17,1100
2016-03-30,0.18,0.19,0.17,0.18,5457
2016-03-31,0.19,0.19,0.17,0.19,1020
2016-04-01,0.19,0.22,0.19,0.21,145812
2016-04-04,0.21,0.24,0.21,0.24,173291
2016-04-05,0.22,0.23,0.21,0.23,69500
2016-04-06,0.22,0.23,0.22,0.23,4500
2016-04-07,0.21,0.23,0.21,0.22,37745
2016-04-08,0.21,0.25,0.2,0.23,187703
2016-04-11,0.22,0.24,0.22,0.22,35100
2016-04-12,0.23,0.23,0.21,0.21,45357
2016-04-13,0.23,0.24,0.22,0.22,15980
2016-04-14,0.22,0.23,0.21,0.23,65600
2016-04-15,0.21,0.22,0.2,0.22,179200
2016-04-18,0.21,0.22,0.21,0.21,40959
2016-04-19,0.22,0.23,0.21,0.21,24759
2016-04-20,0.21,0.21,0.21,0.21,4000
2016-04-21,0.2,0.22,0.2,0.22,42518
2016-04-22,0.21,0.24,0.21,0.24,89583
2016-04-25,0.23,0.26,0.23,0.25,189000
2016-04-26,0.24,0.24,0.23,0.23,9000
2016-04-27,0.23,0.27,0.23,0.27,57809
2016-04-28,0.27,0.28,0.27,0.28,136600
2016-04-29,0.28,0.28,0.26,0.27,3150
2016-05-04,0.25,0.25,0.24,0.25,13560
2016-05-05,0.25,0.27,0.24,0.26,145938
2016-05-06,0.25,0.27,0.25,0.27,16539
2016-05-09,0.25,0.27,0.25,0.27,2510
2016-05-10,0.25,0.3,0.25,0.3,424403
2016-05-11,0.33,0.37,0.31,0.33,292785
2016-05-12,0.34,0.39,0.31,0.38,313214
2016-05-13,0.38,0.38,0.38,0.38,500
2016-05-16,0.31,0.41,0.26,0.41,424564
2016-05-17,0.4,0.48,0.4,0.47,55518
2016-05-18,0.44,0.54,0.4,0.54,230018
2016-05-19,0.53,0.53,0.49,0.49,6304
2016-05-20,0.49,0.49,0.4,0.41,25752
2016-05-23,0.4,0.46,0.4,0.46,13137
2016-05-24,0.48,0.5,0.48,0.5,1350
2016-05-25,0.47,0.53,0.47,0.5,26913
2016-05-27,0.46,0.5,0.46,0.5,39339
2016-05-30,0.44,0.45,0.42,0.42,3700
2016-05-31,0.45,0.49,0.45,0.49,1200
2016-06-01,0.48,0.48,0.48,0.48,1000
2016-06-02,0.48,0.57,0.44,0.53,410106
2016-06-03,0.54,0.54,0.5,0.5,27890
2016-06-06,0.48,0.57,0.48,0.57,200
2016-06-07,0.56,0.67,0.56,0.6,179090
2016-06-08,0.64,0.64,0.64,0.64,10000
2016-06-09,0.6,0.7,0.6,0.69,89264
2016-06-10,0.65,0.93,0.61,0.93,206542
2016-06-13,0.9,1.08,0.88,1.01,135933
2016-06-14,1,1.18,1,1.17,198553
2016-06-15,1.15,1.15,1.01,1.15,98810
2016-06-16,1.02,1.14,0.92,0.92,9034
2016-06-17,1,1,0.9,0.9,720
2016-06-20,0.92,0.92,0.8,0.9,14872
2016-06-21,0.88,0.88,0.72,0.75,15009
2016-06-22,0.82,0.82,0.8,0.8,1235
2016-06-24,0.72,0.99,0.65,0.92,54858
2016-06-27,0.98,1.12,0.95,0.95,14636
2016-06-29,0.9,0.91,0.8,0.91,610
2016-06-30,0.91,0.95,0.91,0.95,555
2016-07-01,0.99,0.99,0.99,0.99,5
2016-07-04,0.89,0.89,0.81,0.87,3385
2016-07-05,0.81,0.94,0.8,0.85,8468
2016-07-06,0.8,0.81,0.75,0.81,11301
2016-07-07,0.75,0.8,0.75,0.8,2090
2016-07-11,0.8,0.81,0.8,0.81,296
2016-07-12,0.81,0.87,0.81,0.87,2225
2016-07-13,0.85,0.92,0.85,0.92,28350
2016-07-18,0.84,0.84,0.84,0.84,1037
2016-07-19,0.79,0.86,0.79,0.86,320
2016-07-20,0.79,0.85,0.79,0.85,1118
2016-07-21,0.85,0.85,0.85,0.85,882
2016-07-27,0.86,0.9,0.8,0.87,3365
2016-07-28,0.79,0.81,0.77,0.81,3800
2016-07-29,0.76,0.8,0.75,0.8,6250
2016-08-01,0.73,0.73,0.73,0.73,2029
2016-08-02,0.75,0.76,0.7,0.76,2152
2016-08-03,0.7,0.76,0.68,0.76,2830
2016-08-05,0.73,0.87,0.73,0.85,13128
2016-08-08,0.88,1.05,0.88,1.05,8654
2016-08-09,1.05,1.2,1.04,1.12,58472
2016-08-10,1.11,1.19,1.11,1.19,11000
2016-08-11,1.18,1.18,1.18,1.18,100
2016-08-12,1.11,1.14,0.89,1.14,4125
2016-08-16,1.14,1.18,0.78,0.89,95156
2016-08-17,0.89,0.89,0.81,0.81,3159
2016-08-18,0.81,0.86,0.81,0.86,9441
2016-08-19,0.87,0.87,0.87,0.87,2
2016-08-22,0.93,0.97,0.83,0.87,9103
2016-08-23,0.87,0.87,0.87,0.87,2000
2016-08-24,0.87,0.95,0.87,0.92,8387
2016-08-26,0.87,0.87,0.87,0.87,384
2016-08-29,0.87,0.93,0.87,0.93,2976
2016-08-30,0.97,0.97,0.97,0.97,1500
2016-08-31,0.91,0.91,0.91,0.91,340
2016-09-01,0.88,0.88,0.88,0.88,4168
2016-09-02,0.92,1.09,0.92,1.08,13912
2016-09-05,1.1,1.1,0.99,1.1,8450
2016-09-06,1.08,1.25,1.08,1.2,101408
2016-09-07,1.06,1.06,1,1.05,4306
2016-09-08,0.99,0.99,0.97,0.97,3461
2016-09-09,1,1,1,1,4076
2016-09-12,0.98,0.98,0.98,0.98,795
2016-09-13,0.97,1,0.97,1,4560
2016-09-14,1,1.06,1,1,6000
2016-09-15,1.06,1.06,1.06,1.06,400
2016-09-19,1.09,1.09,1.09,1.09,100
2016-09-20,1.09,1.09,1,1,320
2016-09-21,1.06,1.1,1.06,1.1,5744
2016-09-22,1,1.12,1,1.12,15570
2016-09-23,1.15,1.35,1.15,1.28,64927
2016-09-27,1.22,1.46,1.21,1.4,153728
2016-09-28,1.28,1.36,1.28,1.36,2209
2016-09-29,1.37,1.5,1.37,1.5,1120
2016-09-30,1.32,1.32,1.07,1.09,4766
2016-10-03,1.05,1.45,1.05,1.45,4223
2016-10-04,1.44,1.45,1.44,1.45,5400
2016-10-05,1.45,1.6,1.16,1.23,175743
2016-10-06,1.22,1.33,1.22,1.33,1630
2016-10-07,1.23,1.24,1.15,1.24,2010
2016-10-10,1.17,1.35,1.16,1.27,9063
2016-10-11,1.29,1.33,1.29,1.33,311
2016-10-12,1.18,1.22,1.08,1.1,49784
2016-10-13,1.17,1.17,1.09,1.16,1952
2016-10-17,1.08,1.08,0.92,0.97,43008
2016-10-18,1.08,1.08,1,1,3735
2016-10-24,1.05,1.08,1.05,1.08,31576
2016-10-25,1.06,1.06,0.98,0.98,3244
2016-10-26,0.99,0.99,0.91,0.91,6677
2016-10-27,0.9,0.9,0.9,0.9,1064
2016-10-28,0.87,0.94,0.87,0.94,534
2016-10-31,0.94,1.04,0.94,1.04,3192
2016-11-10,0.92,0.92,0.92,0.92,649
2016-11-14,0.96,1.1,0.96,1.1,12000
2016-11-16,1,1,1,1,400
2016-11-17,1.02,1.15,0.92,1.01,31516
2016-11-18,1.01,1.01,1.01,1.01,991
2016-11-22,0.96,0.96,0.96,0.96,1000
2016-11-30,1.05,1.05,0.9,0.93,5834
2016-12-01,0.91,0.91,0.91,0.91,1000
2016-12-02,0.88,0.88,0.71,0.84,5539
2016-12-05,0.84,0.88,0.72,0.82,5734
2016-12-06,0.75,0.9,0.75,0.9,8291
2016-12-07,0.96,1.05,0.96,1.05,12745
2016-12-09,0.99,1.15,0.99,1.15,8048
2016-12-13,1.05,1.05,1.05,1.05,1200
2016-12-14,1.02,1.2,1.02,1.2,13912
2016-12-15,1.22,1.22,1.22,1.22,1170
2016-12-16,1.22,1.25,1.15,1.2,1500
2016-12-19,1.25,1.25,1.15,1.15,300
2016-12-20,1.19,1.25,1.19,1.25,4288
2016-12-21,1.3,1.3,1.27,1.3,5950
2016-12-22,1.2,1.2,1.2,1.2,100
2016-12-27,1.15,1.15,1.15,1.15,2000
2016-12-28,1.15,1.35,1.15,1.35,9580
2017-01-02,1.25,1.3,1.1,1.25,2800
2017-01-03,1.3,1.3,1.3,1.3,200
2017-01-04,1.19,1.35,1.19,1.3,22200
2017-01-05,1.2,1.2,1.2,1.2,1200
2017-01-09,1.2,1.24,1.2,1.24,200
2017-01-11,1.25,1.32,1.25,1.32,5778
2017-01-12,1.15,1.15,1.14,1.15,4600
2017-01-13,1.3,1.32,1.25,1.32,6622
2017-01-16,1.25,1.3,1.25,1.3,3500
2017-01-17,1.12,1.12,1.12,1.12,170
2017-01-19,1.2,1.35,1.2,1.35,5900
2017-01-20,1.25,1.34,1.25,1.3,14300
2017-01-23,1.29,1.35,1.16,1.3,12450
2017-01-24,1.3,1.34,1.3,1.34,38550
2017-01-25,1.3,1.3,1.3,1.3,3000
2017-01-26,1.3,1.3,1.3,1.3,1150
2017-01-27,1.3,1.3,1.19,1.3,5350
2017-01-30,1.18,1.3,1.18,1.3,2000
2017-01-31,1.16,1.3,1.11,1.3,8601
2017-02-01,1.29,1.3,1.29,1.3,3100
2017-02-02,1.21,1.3,1.21,1.3,4700
2017-02-03,1.27,1.29,1.08,1.29,22949
2017-02-06,1.3,1.3,1.3,1.3,4000
2017-02-07,1.3,1.35,1.3,1.35,2909
2017-02-08,1.35,1.37,1.35,1.37,7312
2017-02-09,1.37,1.5,1.33,1.49,116436
2017-02-10,1.48,1.6,1.37,1.55,19623
2017-02-13,1.58,1.6,1.58,1.6,24270
2017-02-14,1.6,1.8,1.4,1.8,36439
2017-02-15,1.79,1.8,1.75,1.8,31300
2017-02-16,1.83,1.83,1.83,1.83,4000
2017-02-17,1.83,1.83,1.83,1.83,40
2017-02-20,1.7,1.82,1.7,1.82,6358
2017-02-21,1.71,1.75,1.7,1.75,6177
2017-02-22,1.82,1.82,1.82,1.82,50
2017-02-23,1.65,1.82,1.65,1.82,3960
2017-02-24,1.66,1.7,1.46,1.69,21660
2017-02-27,1.46,1.65,1.4,1.6,63300
2017-02-28,1.55,1.56,1.55,1.55,2000
2017-03-02,1.5,1.5,1.5,1.5,100
2017-03-03,1.4,1.4,1.3,1.3,8198
2017-03-06,1.3,1.3,1.3,1.3,3185
2017-03-07,1.3,1.34,1.29,1.3,79700
2017-03-08,1.16,1.29,1.16,1.29,1200
2017-03-10,1.29,1.29,1.29,1.29,100
2017-03-15,1.17,1.25,1.17,1.25,701
2017-03-16,1.3,1.3,1.3,1.3,121
2017-03-22,1.2,1.29,1.06,1.29,1701
2017-03-24,1.06,1.24,1.04,1.23,6320
2017-03-27,1.1,1.1,1.09,1.09,2910
2017-03-29,1,1.1,1,1.1,3350
2017-03-30,1.1,1.15,1.1,1.15,500
2017-04-03,1.12,1.2,1.1,1.1,5750
2017-04-07,1.15,1.15,1.15,1.15,100
2017-04-18,1.18,1.2,1.18,1.2,1000
2017-04-20,1.18,1.25,1.18,1.25,3415
2017-04-21,1.3,1.3,1.3,1.3,1000
2017-04-24,1.3,1.3,1.3,1.3,100
2017-05-05,1.28,1.28,1.28,1.28,120
2017-05-09,1.15,1.15,1.06,1.06,2750
2017-05-15,0.93,1.11,0.9,0.97,3615
2017-05-16,0.81,0.97,0.8,0.97,3316
2017-05-17,0.81,0.96,0.81,0.96,501
2017-05-22,0.81,0.94,0.81,0.94,1630
2017-05-25,0.93,1.07,0.93,1.07,13275
2017-05-29,1.05,1.1,1.05,1.1,4000
2017-05-30,1.12,1.12,1.12,1.12,2000
2017-05-31,1.2,1.25,1.2,1.25,14000
2017-06-01,1.24,1.39,1.24,1.39,18606
2017-06-02,1.25,1.4,1.25,1.26,22590
2017-06-07,1.24,1.25,1.14,1.24,4700
2017-06-09,1.24,1.24,1.24,1.24,1000
2017-06-13,1.13,1.25,1.13,1.25,2850
2017-06-14,1.1,1.1,1.09,1.09,12981
2017-06-16,1.09,1.09,1.09,1.09,7919
2017-06-19,1.06,1.13,1.05,1.13,9120
2017-06-20,1.04,1.13,1.04,1.13,2001
2017-06-22,1.04,1.04,1.04,1.04,1000
2017-06-23,1.13,1.35,1.1,1.21,11809
2017-06-28,1.25,1.45,1.15,1.45,126064
2017-06-29,1.49,1.77,1.45,1.77,108990
2017-06-30,1.69,1.9,1.42,1.89,104079
2017-07-04,1.75,1.89,1.62,1.77,17002
2017-07-05,1.77,1.77,1.55,1.55,1030
2017-07-06,1.5,1.77,1.29,1.51,42237
2017-07-11,1.4,1.4,1.4,1.4,63
2017-07-12,1.38,1.38,1.37,1.37,2800
2017-07-13,1.33,1.33,1.33,1.33,100
2017-07-14,1.33,1.33,1.33,1.33,752
2017-07-17,1.35,1.59,1.35,1.57,6029
2017-07-18,1.69,1.86,1.6,1.7,564
2017-07-19,1.69,1.74,1.69,1.74,160
2017-07-20,1.75,1.75,1.75,1.75,100
2017-07-21,1.6,1.6,1.31,1.6,815
2017-07-24,1.45,1.45,1.34,1.45,1611
2017-07-25,1.45,1.45,1.45,1.45,50
2017-07-26,1.45,1.45,1.45,1.45,48
2017-07-31,1.3,1.45,1.3,1.45,162
2017-08-04,1.45,1.6,1.45,1.6,2609
2017-08-07,1.68,2,1.61,2,20089
2017-08-08,2.19,2.6,1.81,2.06,8665
2017-08-09,2.47,2.6,2.21,2.4,2488
2017-08-10,2.4,2.54,2.4,2.54,1000
2017-08-11,2.13,2.13,2.13,2.13,123
2017-08-14,2.3,2.3,1.84,2.18,10011
2017-08-16,1.85,1.97,1.55,1.9,10646
2017-08-17,1.72,2,1.72,2,3040
2017-08-18,2.1,2.1,2.1,2.1,100
2017-08-23,2.06,2.06,1.5,1.5,20699
2017-08-24,1.5,1.6,1.36,1.56,12880
2017-08-25,1.4,1.49,1.35,1.49,2500
2017-08-28,1.37,1.42,1.2,1.2,8950
2017-08-29,1.17,1.29,1.1,1.29,5103
2017-08-30,1.11,1.18,1.07,1.18,2695
2017-08-31,1.17,1.4,1.17,1.4,13484
2017-09-01,1.49,1.49,1.49,1.49,500
2017-09-05,1.46,1.49,1.4,1.45,247
2017-09-06,1.3,1.38,1.24,1.38,2250
2017-09-07,1.3,1.47,1.3,1.47,8789
2017-09-11,1.32,1.32,1.26,1.26,1159
2017-09-12,1.41,1.46,1.26,1.46,639
2017-09-15,1.27,1.32,1.2,1.32,3000
2017-09-18,1.3,1.3,1.2,1.2,829
2017-09-20,1.2,1.39,1.2,1.39,10570
2017-09-26,1.22,1.22,1.18,1.18,3620
2017-09-27,1.18,1.27,1.11,1.27,3690
2017-10-03,1.05,1.15,1.02,1.02,3550
2017-10-04,1.05,1.24,1.05,1.24,1000
2017-10-05,1.05,1.22,1.02,1.22,2575
2017-10-11,1.05,1.15,0.9,1.14,7491
2017-10-13,1.14,1.2,1.14,1.2,3200
2017-10-16,1.05,1.15,1.02,1.15,1869
2017-10-23,1.15,1.2,1.15,1.2,2162
2017-10-24,1.37,1.44,1.3,1.3,10783
2017-10-25,1.3,1.3,1.3,1.3,1156
2017-10-26,1.35,1.42,1.11,1.38,1720
2017-10-27,1.38,1.4,1.21,1.35,1487
2017-10-31,1.38,1.42,1.38,1.42,1180
2017-11-02,1.3,1.3,1.3,1.3,100
2017-11-03,1.25,1.32,1.15,1.32,1117
2017-11-10,1.32,1.42,1.32,1.32,4245
2017-11-14,1.12,1.12,1.12,1.12,2450
2017-11-15,1.14,1.2,1.14,1.2,8630
2017-11-16,1.14,1.14,1.09,1.09,2000
2017-11-17,1.25,1.25,1.25,1.25,300
2017-11-20,1.11,1.25,1.11,1.25,2059
2017-11-21,1.25,1.25,1.17,1.25,2919
2017-11-28,1.2,1.25,1.14,1.14,22222
2017-11-29,1.2,1.28,1.2,1.28,23200
2017-11-30,1.3,1.34,1.3,1.34,3000
2017-12-06,1.34,1.35,1.34,1.35,8290
2017-12-07,1.35,1.35,1.35,1.35,500
2017-12-08,1.2,1.35,1.2,1.35,1000
2017-12-11,1.21,1.38,1.21,1.38,29200
2017-12-18,1.21,1.38,1.2,1.26,12420
2017-12-19,1.26,1.38,1.22,1.36,1370
2018-01-03,1.1,1.3,1.1,1.11,3365
2018-01-04,1.3,1.31,1.1,1.28,48630
2018-01-05,1.26,1.26,1.01,1.17,70369
2018-01-08,1.05,1.11,0.92,0.92,56267
2018-01-09,0.92,1,0.9,1,25000
2018-01-10,1,1.02,1,1.02,1950
2018-01-11,1.02,1.05,1.02,1.05,1071
2018-01-16,1.05,1.05,1,1,1363
2018-01-18,1.03,1.1,1.03,1.07,5000
2018-01-22,1.09,1.09,1.09,1.09,180
2018-01-29,1,1,0.98,1,3995
2018-01-30,1.05,1.05,1.05,1.05,1050
2018-01-31,1.02,1.02,0.98,0.98,1000
2018-02-01,0.95,0.95,0.95,0.95,500
2018-02-02,0.95,0.95,0.95,0.95,586
2018-02-06,0.95,1.01,0.95,1.01,4655
2018-02-07,0.95,0.95,0.85,0.92,9650
2018-02-08,0.98,0.99,0.87,0.87,4400
2018-02-09,0.93,1,0.93,1,1100
2018-02-12,0.91,0.91,0.87,0.87,2998
2018-02-13,0.87,0.87,0.76,0.87,14635
2018-02-14,0.87,0.9,0.87,0.9,1000
2018-02-19,0.83,0.89,0.83,0.89,240
2018-02-27,0.83,0.84,0.77,0.84,3470
2018-02-28,0.84,0.89,0.84,0.89,1691
2018-03-05,0.89,1,0.88,0.88,5037
2018-03-06,0.9,0.9,0.9,0.9,105
2018-03-08,0.82,0.93,0.78,0.93,3903
2018-03-09,0.86,0.93,0.86,0.93,2200
2018-03-19,0.85,1.02,0.85,1.02,21058
2018-03-20,1.02,1.12,1.02,1.12,18229
2018-03-21,1.05,1.05,1.05,1.05,3876
2018-03-22,1.08,1.08,1.06,1.06,15200
2018-03-23,1.06,1.08,1.06,1.08,500
2018-04-13,1.08,1.09,1.08,1.09,1700
2018-04-23,0.95,0.95,0.95,0.95,1053
2018-04-24,0.95,0.95,0.95,0.95,1000
2018-04-25,0.97,0.97,0.97,0.97,1031
2018-04-26,1.03,1.15,0.98,1.03,23926
2018-04-27,1.06,1.15,1.06,1.15,4162
2018-04-30,1.04,1.16,1.04,1.16,4430
2018-05-02,1.17,1.17,1.17,1.17,10
2018-05-04,1.17,1.25,1.17,1.25,2600
2018-05-07,1.12,1.25,1.01,1.25,1020
2018-05-08,1.02,1.03,1.02,1.03,2540
2018-05-09,1.03,1.23,1.03,1.23,2415
2018-05-10,1.23,1.23,1.23,1.23,122
2018-05-11,1.11,1.14,1.03,1.14,2001
2018-05-15,1.06,1.14,1.06,1.14,870
2018-05-16,1.03,1.09,0.99,1.09,5228
2018-05-21,0.95,1.09,0.95,1.09,5077
2018-05-22,1.09,1.1,1.09,1.1,500
2018-06-01,0.96,1.09,0.96,1.09,3942
2018-06-04,0.96,0.96,0.94,0.94,1464
2018-06-05,0.94,0.94,0.9,0.94,2423
2018-06-06,0.87,0.87,0.7,0.8,25345
2018-06-07,0.8,0.83,0.8,0.83,2030
2018-06-08,0.83,0.89,0.83,0.89,7080
2018-06-11,0.84,0.84,0.84,0.84,1283
2018-06-12,0.88,0.88,0.76,0.86,27101
2018-06-13,0.8,0.8,0.64,0.72,22520
2018-06-14,0.75,0.75,0.75,0.75,600
2018-06-15,0.75,0.84,0.75,0.84,3865
2018-06-18,0.77,0.87,0.77,0.87,8195
2018-06-19,0.87,0.91,0.83,0.91,4207
2018-06-20,0.91,1.04,0.88,1.03,14688
2018-06-22,0.94,0.95,0.88,0.95,1864
2018-06-25,0.89,1.01,0.89,1.01,1689
2018-06-26,0.91,0.91,0.87,0.87,2100
2018-06-27,0.92,0.92,0.92,0.92,3
2018-06-28,0.86,0.86,0.86,0.86,1079
2018-07-02,0.92,1,0.78,0.9,10533
2018-07-03,0.9,0.95,0.89,0.94,6099
2018-07-04,0.95,0.95,0.89,0.89,1424
2018-07-05,0.89,0.95,0.89,0.95,2224
2018-07-06,0.88,0.88,0.81,0.88,6399
2018-07-12,0.91,0.91,0.91,0.91,100
2018-07-18,0.81,0.89,0.81,0.89,2449
2018-07-19,0.81,0.81,0.71,0.81,10503
2018-07-30,0.74,0.75,0.74,0.75,2662
2018-07-31,0.75,0.75,0.75,0.75,2000
2018-08-02,0.7,0.77,0.7,0.77,2800
2018-08-06,0.77,0.78,0.7,0.78,313
2018-08-07,0.78,0.86,0.78,0.86,1500
2018-08-08,0.84,0.89,0.84,0.89,3460
2018-08-09,0.84,0.84,0.84,0.84,1180
2018-08-16,0.78,0.78,0.68,0.7,12307
2018-08-17,0.7,0.7,0.68,0.68,5700
2018-08-20,0.66,0.73,0.65,0.72,11043
2018-08-21,0.68,0.71,0.64,0.68,7564
2018-08-22,0.68,0.73,0.68,0.73,1450
2018-08-23,0.66,0.74,0.66,0.74,1300
2018-08-24,0.73,0.75,0.68,0.75,4704
2018-08-27,0.75,0.83,0.74,0.81,5810
2018-08-28,0.76,0.85,0.76,0.85,7165
2018-08-29,0.82,0.84,0.82,0.84,1735
2018-08-30,0.82,0.96,0.75,0.91,14047
2018-09-03,0.86,0.86,0.84,0.84,3191
2018-09-06,0.85,0.9,0.83,0.9,14491
2018-09-11,0.82,0.82,0.82,0.82,1220
2018-09-17,0.84,0.97,0.84,0.97,8000
2018-09-18,0.97,0.98,0.97,0.98,426
2018-09-20,0.9,0.9,0.9,0.9,1112
2018-09-21,0.83,0.83,0.83,0.83,308
2018-09-24,0.89,0.96,0.81,0.81,3572
2018-09-25,0.82,0.97,0.82,0.88,3501
2018-09-26,0.95,0.95,0.81,0.88,2099
2018-09-28,0.82,0.82,0.82,0.82,2000
2018-10-02,0.81,0.87,0.81,0.87,1245
2018-10-03,0.77,0.81,0.77,0.8,2668
2018-10-08,0.76,0.76,0.75,0.75,1949
2018-10-12,0.82,0.82,0.82,0.82,220
2018-10-16,0.74,0.74,0.7,0.7,3818
2018-10-17,0.75,0.81,0.74,0.75,10598
2018-10-18,0.74,0.74,0.7,0.72,6400
2018-10-23,0.75,0.75,0.75,0.75,166
2018-10-24,0.67,0.75,0.67,0.75,320
2018-10-26,0.82,0.82,0.82,0.82,10
2018-10-29,0.67,0.8,0.67,0.76,13553
2018-10-30,0.73,0.73,0.73,0.73,1370
2018-11-02,0.74,0.79,0.74,0.74,3818
2018-11-06,0.79,0.8,0.79,0.8,1000
2018-11-07,0.78,0.93,0.78,0.92,13876
2018-11-08,0.92,1.1,0.91,1.1,23384
2018-11-09,1.13,1.2,1,1.1,9422
2018-11-14,1,1,1,1,1000
2018-11-15,0.94,0.94,0.94,0.94,235
2018-11-16,1.01,1.01,0.99,0.99,1911
2018-11-19,1.01,1.1,0.99,0.99,7900
2018-11-20,0.98,0.98,0.98,0.98,1021
2018-11-21,1,1.04,0.98,0.98,1601
2018-11-22,0.98,0.98,0.98,0.98,560
2018-11-28,1.02,1.05,1.02,1.05,2738
2018-11-30,1,1,1,1,1000
2018-12-04,1.02,1.05,1.02,1.05,3232
2018-12-05,1.06,1.06,1.06,1.06,500
2018-12-06,1.06,1.08,1.06,1.08,1000
2018-12-12,0.98,0.98,0.98,0.98,1000
2018-12-13,1,1.08,0.97,1.08,5109
2018-12-14,1.08,1.09,1.08,1.09,1000
2018-12-18,1,1.03,1,1.03,1300
2018-12-27,1.05,1.06,0.97,1.05,9400
2018-12-28,1.03,1.1,1.03,1.1,6305
2019-01-04,1,1.1,1,1.1,2577
2019-01-07,1.1,1.1,1.1,1.1,150
2019-01-09,1.1,1.1,1.1,1.1,100
2019-01-10,1.02,1.02,1,1,1981
2019-01-11,1.04,1.04,1.04,1.04,610
2019-01-14,1.1,1.1,1.1,1.1,100
2019-01-28,1.1,1.12,1.1,1.1,3539
2019-01-31,1.09,1.1,1.09,1.1,1118
2019-02-11,1,1.06,0.91,1.04,9124
2019-02-18,0.93,1.02,0.93,1.02,1500
2019-02-20,0.96,0.96,0.91,0.91,4301
2019-02-21,0.86,0.9,0.85,0.9,2909
2019-02-22,0.92,1.02,0.92,1.02,7731
2019-02-26,0.91,0.91,0.91,0.91,1305
2019-03-01,0.92,0.92,0.92,0.92,1803
2019-03-07,0.91,0.92,0.9,0.92,3894
2019-03-08,0.91,0.91,0.91,0.91,1099
2019-04-10,0.91,0.91,0.91,0.91,500
2019-04-12,0.91,0.91,0.91,0.91,500
2019-04-18,0.84,0.84,0.84,0.84,1191
2019-04-30,0.85,0.85,0.85,0.85,40
2019-05-08,0.8,0.845,0.8,0.85,1755
2019-05-09,0.77,0.77,0.75,0.75,902
2019-05-10,0.72,0.78,0.72,0.75,5495
2019-05-14,0.79,0.945,0.77,0.92,15363
2019-05-15,0.95,1.02,0.78,0.92,3481
2019-05-16,0.95,1.12,0.95,1.1,7713
2019-05-20,0.95,1.09,0.95,0.96,1120
2019-05-21,1.02,1.02,1.02,1.02,981
2019-05-22,0.96,0.96,0.96,0.96,1042
2019-05-24,1.01,1.06,0.88,0.95,5701
2019-06-04,0.845,0.845,0.845,0.85,141
2019-06-13,0.85,0.85,0.84,0.84,2298
2019-06-17,0.97,0.97,0.97,0.97,5
2019-06-19,1.04,1.04,1.04,1.04,50
2019-06-27,0.81,0.965,0.81,0.97,410
2019-07-02,0.83,0.875,0.79,0.88,8322
2019-07-03,0.82,0.82,0.8,0.8,2320
2019-07-04,0.8,0.8,0.8,0.8,97
2019-07-08,0.78,0.86,0.78,0.86,460
2019-07-11,0.87,0.87,0.87,0.87,634
2019-07-12,0.87,0.9,0.76,0.76,3763
2019-07-15,0.875,0.875,0.875,0.88,500
2019-07-16,0.88,0.9,0.86,0.9,5007
2019-08-07,0.87,0.87,0.87,0.87,1150
2019-08-08,0.88,1,0.88,1,2500
2019-08-14,0.86,0.98,0.86,0.98,2863
2019-08-26,0.84,0.93,0.84,0.93,1860
2019-09-04,0.92,0.92,0.92,0.92,150
2019-09-26,0.92,0.99,0.92,0.99,4002
2019-09-27,0.99,0.99,0.93,0.97,10199
2019-10-01,0.97,0.98,0.97,0.98,50
2019-10-02,0.92,0.92,0.92,0.92,199
2019-10-03,0.89,0.89,0.82,0.89,7454
2019-10-09,0.82,0.89,0.76,0.89,4790
2019-10-11,0.88,0.88,0.88,0.88,465
2019-10-14,0.82,0.89,0.82,0.89,1155
2019-10-16,0.89,0.89,0.89,0.89,132
2019-10-18,0.82,0.82,0.82,0.82,2561
2019-10-25,0.82,0.82,0.82,0.82,110
2019-10-29,0.84,0.89,0.84,0.89,327
2019-10-31,0.76,0.76,0.7,0.71,9751
2019-11-04,0.71,0.72,0.7,0.72,4032
2019-11-05,0.72,0.755,0.72,0.755,1253
2019-11-06,0.73,0.76,0.6,0.6,11778
2019-11-07,0.68,0.68,0.68,0.68,1000
2019-11-08,0.73,0.74,0.73,0.74,353
2019-11-14,0.67,0.73,0.66,0.73,4434
2019-11-18,0.73,0.82,0.73,0.82,3915
2019-11-19,0.81,0.81,0.77,0.77,2
2019-11-22,0.81,0.84,0.81,0.84,1500
2019-11-29,0.77,0.84,0.77,0.84,1362
2019-12-12,0.76,0.76,0.76,0.76,400
2019-12-13,0.74,0.75,0.74,0.75,2686
2019-12-23,0.74,0.74,0.74,0.74,1293
2019-12-30,0.8,0.8,0.8,0.8,166
2020-01-09,0.73,0.79,0.66,0.79,3050
2020-01-10,0.79,0.8,0.79,0.8,1500
2020-01-13,0.73,0.73,0.73,0.73,1370
2020-01-17,0.74,0.74,0.74,0.74,100
2020-01-20,0.74,0.74,0.74,0.74,234
2020-01-27,0.74,0.74,0.72,0.72,2739
2020-01-28,0.74,0.74,0.74,0.74,500
2020-01-29,0.76,0.76,0.76,0.76,500
2020-01-30,0.78,0.78,0.78,0.78,500
2020-01-31,0.8,0.8,0.8,0.8,500
2020-02-14,0.72,0.72,0.72,0.72,1389
2020-02-20,0.75,0.75,0.75,0.75,1300
2020-02-24,0.72,0.72,0.72,0.72,2500
2020-02-25,0.66,0.74,0.655,0.74,7153
2020-02-26,0.65,0.78,0.65,0.78,3148
2020-02-27,0.75,0.82,0.75,0.77,7105
2020-02-28,0.79,0.79,0.79,0.79,263
2020-03-03,0.75,0.79,0.75,0.79,200
2020-03-04,0.75,0.84,0.74,0.84,14387
2020-03-05,0.84,1,0.84,1,6437
2020-03-06,0.93,0.93,0.86,0.86,3176
2020-03-09,0.86,0.91,0.86,0.91,264
2020-03-10,0.85,0.85,0.85,0.85,1177
2020-03-11,0.78,0.8,0.71,0.8,5049
2020-03-12,0.91,0.91,0.8,0.8,2368
2020-03-13,0.91,0.98,0.91,0.98,1100
2020-03-16,0.98,0.99,0.8,0.99,6973
2020-03-17,0.99,1,0.99,1,2100
2020-03-18,0.96,0.96,0.95,0.95,600
2020-03-23,0.9,0.9,0.66,0.77,5481
2020-03-24,0.75,0.795,0.7,0.795,5830
2020-03-25,0.705,0.75,0.7,0.75,3008
2020-03-27,0.75,0.77,0.75,0.77,2969
2020-03-31,0.75,0.795,0.75,0.795,1000
2020-04-01,0.75,0.99,0.75,0.98,11339
2020-04-02,0.75,0.75,0.72,0.72,2461
2020-04-03,0.85,0.85,0.85,0.85,500
2020-04-06,0.99,0.99,0.99,0.99,3500
2020-04-07,0.9,0.99,0.9,0.99,1496
2020-04-08,0.9,0.9,0.9,0.9,50
2020-04-09,0.99,0.99,0.99,0.99,24
2020-04-14,1,1,1,1,150
2020-04-15,0.93,0.93,0.93,0.93,100
2020-04-16,0.985,0.985,0.985,0.985,300
2020-04-17,0.99,0.99,0.99,0.99,1200
2020-04-20,0.995,1,0.95,0.95,400
2020-04-21,0.9,0.9,0.85,0.85,1700
2020-04-23,0.85,0.85,0.85,0.85,1400
2020-04-24,0.85,0.85,0.85,0.85,900
2020-04-27,0.72,0.8,0.72,0.8,3980
2020-04-29,0.8,0.85,0.8,0.85,1300
2020-04-30,0.85,0.85,0.85,0.85,577
2020-05-06,0.85,0.85,0.85,0.85,1000
2020-05-08,0.75,0.75,0.75,0.75,200
2020-05-11,0.75,0.85,0.75,0.85,2677
2020-05-13,0.85,0.9,0.85,0.9,2500
2020-05-15,0.9,0.94,0.9,0.94,2230
2020-05-18,0.94,1,0.94,1,1753
2020-05-19,0.9,0.9,0.8,0.85,2288
2020-05-20,0.9,0.9,0.9,0.9,47
2020-05-25,0.9,0.9,0.9,0.9,500
2020-05-26,0.95,1.04,0.9,1.04,10037
2020-05-27,1.06,1.2,0.95,1.2,15527
2020-05-29,1.18,1.2,1.18,1.2,6173
2020-06-02,1,1.2,1,1.2,800
2020-06-05,1.18,1.18,1.18,1.18,800
2020-06-08,1.2,1.2,1.2,1.2,500
2020-06-18,1.19,1.19,1.19,1.19,340
2020-06-19,1.19,1.19,1.19,1.19,572
2020-06-29,1.1,1.1,1.1,1.1,100
2020-07-01,1.1,1.19,1.1,1.19,597
2020-07-06,1.1,1.2,1.05,1.2,2400
2020-07-13,1.1,1.2,1.1,1.2,1120
2020-07-15,1.19,1.19,1.19,1.19,10
2020-07-16,1.19,1.19,1.19,1.19,800
2020-07-17,1.2,1.2,1.2,1.2,1000
2020-07-22,1.15,1.2,1.15,1.2,1749
2020-07-30,1.1,1.19,1.1,1.19,400
2020-08-10,1.05,1.2,1.05,1.2,1680
2020-08-12,1.15,1.15,1.15,1.15,1000
2020-08-13,1.2,1.2,1.2,1.2,1000
2020-08-17,1.18,1.2,1.18,1.2,2700
2020-08-18,1.16,1.2,1.16,1.2,1894
2020-08-21,1.16,1.2,1.16,1.2,125
2020-09-10,1.19,1.24,1.19,1.24,34423
2020-09-11,1.24,1.24,1.23,1.24,3500
2020-09-15,1.23,1.23,1.23,1.23,20
2020-09-16,1.23,1.24,1.23,1.24,1300
2020-09-18,1.17,1.23,1.17,1.23,1677
2020-09-21,1.16,1.21,1.15,1.21,1549
2020-09-23,1.21,1.24,1.21,1.24,1167
2020-10-02,1.24,1.24,1.24,1.24,109
2020-10-06,1.25,1.26,1.25,1.26,5800
2020-10-08,1.15,1.65,1,1.65,23000
2020-10-09,1.65,1.8,1.65,1.8,5000
2020-10-14,1.75,1.75,1.75,1.75,500
2020-10-20,1.75,1.79,1.75,1.79,4000
2020-10-27,1.45,1.74,1.45,1.74,650
2020-10-28,1.78,1.79,1.78,1.79,282
2020-10-29,1.78,1.78,1.78,1.78,39
2020-10-30,1.78,1.8,1.78,1.8,4350
2020-11-03,1.8,1.8,1.78,1.8,468
2020-11-06,1.65,1.8,1.65,1.8,120
2020-11-09,1.79,2.08,1.79,2.08,32743
2020-11-12,2,2.08,2,2.08,2000
2020-11-16,2,2.08,2,2.08,746
2020-11-19,2,2.04,2,2.04,300
2020-11-20,2.04,2.06,2.04,2.06,1293
2020-11-25,2.06,2.06,2,2.06,3200
2020-11-26,2.04,2.08,1.7,2.08,11999
2020-11-27,2,2.18,2,2.18,86000
2020-11-30,2.14,2.14,2.02,2.14,1100
2020-12-02,2.12,2.14,2.1,2.12,21550
2020-12-03,1.8,2.14,1.46,2.14,2300
2020-12-14,2.08,2.08,1.67,2.08,170
2020-12-29,1.8,2,1.8,2,1470
2021-01-07,1.9,2,1.9,2,800
2021-01-14,1.9,2.1,1.9,2.1,7680
2021-01-20,2.1,2.18,2.1,2.18,2100
2021-02-16,2,2,2,2,50
2021-02-17,2,2.08,2,2,504
2021-03-01,2.08,2.08,2.08,2.08,100
2021-03-22,2,2,1.6,1.8,3537
2021-03-23,1.7,1.85,1.7,1.85,150
2021-03-24,1.75,1.75,1.6,1.6,4083
2021-03-25,1.5,1.5,1.3,1.5,6166
2021-03-26,1.5,1.5,1.5,1.5,147
